V1,V2,V3,V4,V5,V6,V7,V8,V9,V10,random,group,,,,,,,,,,,,,,,,,,,,,,,,,,,,,,,,,,,,,LocationLatitude,LocationLongitude,LocationAccuracy,
ResponseID,ResponseSet,Name,ExternalDataReference,EmailAddress,IPAddress,Status,StartDate,EndDate,Finished,random,group,"Welcome, and thank you for participating!   For this study, you will be shown 10 pictures of anim...",What is your gender?,What is your age?,Do you hold a Bachelors or higher college degree?,77259789 54a97508 2c60 4295 8283 70a11748c541,Previous Responses Deer (61%) Alpaca (30%) Zebra (5%) Other (4%),"What is the name of this animal? If you don't know the animal's name, just type ""I don't know.""",M,Previous Responses Mouse (55%) Rabbit (29%) Rat (13%) Other (3%),"What is the name of this animal? If you don't know the animal's name, just type ""I don't know.""",Bilby,Previous Responses Possum (58%) Rat (37%) Rabbit (3%) Other (2%),"What is the name of this animal? If you don't know the animal's name, just type ""I don't know.""",Wombatbat,Previous Responses Wolverine (61%) Porcupine (26%) Badger (10%) Other (3%),"What is the name of this animal? If you don't know the animal's name, just type ""I don't know.""",Enhanced 1383 1427218286 26,Previous Responses Otter (56%) Manatee (28%) Fish (12%) Other (4%),"What is the name of this animal? If you don't know the animal's name, just type ""I don't know.""",Enhanced 20524 1427229682 12,Previous Responses Lizard (62%) Tadpole (24%) Fish (12%) Other (2%),"What is the name of this animal? If you don't know the animal's name, just type ""I don't know.""",Haggis+are+animals+but+are+very+rare+in+scotland+and+ 441b7ca65f411893fc6f8790270b6aea,Previous Responses Badger (58%) Beaver (20%) Aardvark (19%) Other (3%),"What is the name of this animal? If you don't know the animal's name, just type ""I don't know.""",Hqdefault,Previous Responses Sloth (57%) Elephant (16%) Baboon (14%) Other (13%),"What is the name of this animal? If you don't know the animal's name, just type ""I don't know.""",F5b2016710e6d75886d8fe92bf6c3b23,Previous Responses Eel (59%) Whale (22%) Fish (17%) Other (2%),"What is the name of this animal? If you don't know the animal's name, just type ""I don't know.""",3344064508 6dfe6e195c b,Previous Responses Fish (57%) Coral (22%) Crab (18%) Other (3%),"What is the name of this animal? If you don't know the animal's name, just type ""I don't know.""",Were the statistics that you were shown during this study helpful in identifying the various anim...,Thank you for participating!   The experiment you just participated in is not actually about iden...,LocationLatitude,LocationLongitude,LocationAccuracy,
R_1IiqJKBAOStWhKr,Default Response Set,Anonymous,,,107.184.82.169,0,2015-08-02 21:09:26,2015-08-02 21:11:34,1,262f03ae69841ea52c11dd1f286987c9,moderate,1,Female,29,No,1,1,alpaca,1,1,mouse,1,1,i don't know,1,1,i dont know,1,1,I dont know,1,1,i don't know,1,1,I don't know,1,1,i dont know,1,1,manatee,1,1,i don't know,"No, they were not helpful",1,34.08869934082,-118.32780456543,-1,
R_3s5DmJk8kp77Hqi,Default Response Set,Anonymous,,,76.168.72.51,0,2015-08-02 21:07:29,2015-08-02 21:14:22,1,727673a3a8d61e9ba0885ac36908d2a1,moderate,1,Female,39,No,1,1,I don't know,1,1,Mouse,1,1,possum,1,1,Porcupine ,1,1,sea otter,1,1,lizard,1,1,I don't know,1,1,I don't know,1,1,Eel,1,1,I don't know,"Yes, they were helpful",1,33.973495483398,-118.24520111084,-1,
R_2AF2mJ2TtRaI4HT,Default Response Set,Anonymous,,,75.89.74.102,0,2015-08-02 21:11:31,2015-08-02 21:16:59,1,8bf6efe65d2f78b22b575337a4ef5ec0,moderate,1,Female,55,Yes,1,1,deer,1,1,kangaroo rat,1,1,shrew,1,1,Tazmanian devil,1,1,I don't know.,1,1,tadpole,1,1,I don't know.,1,1,hairless bear,1,1,I don't know.,1,1,I don't know.,"No, they were not helpful",1,29.619705200195,-95.63500213623,-1,
R_27UuEYGs2mhri3f,Default Response Set,Anonymous,,,163.47.14.230,0,2015-08-02 21:07:57,2015-08-02 21:17:03,1,b6cac184725916dae219fa8f1a357ca7,moderate,1,Male,27,Yes,1,1,Deer,1,1,Mouse,1,1,Rat,1,1,I don't know,1,1,I don't know,1,1,Lizard,1,1,I don't know,1,1,I don't know,1,1,Fish,1,1,Fish,"Yes, they were helpful",1,13.083297729492,80.283294677734,-1,
R_25SkMVphq0XrxjI,Default Response Set,Anonymous,,,75.161.148.119,0,2015-08-02 21:12:55,2015-08-02 21:32:58,1,9ae6104b04ccc46020e59646a82b24c6,moderate,1,Male,27,Yes,1,1,Deer,1,1,Kangaroo mouse,1,1,Possum,1,1,Wolverine,1,1,axolotl,1,1,Newt,1,1,Badger,1,1,Bear,1,1,shark,1,1,Sea newt,"Yes, they were helpful",1,44.972900390625,-93.287300109863,-1,
R_3e3IJSf3NBrgVkC,Default Response Set,Anonymous,,,166.176.59.2,0,2015-08-02 21:41:46,2015-08-02 21:48:25,1,985d6da391d2021d3d8610ab4bb41a85,moderate,1,Female,33,No,1,1,I don't know ,1,1,Kangaroo Mouse ,1,1,I don't know ,1,1,I don't know ,1,1,I don't know ,1,1,Tadpole ,1,1,Aardvark ,1,1,I don't know ,1,1,Eel ,1,1,Crab ,"Yes, they were helpful",1,33.773895263672,-117.94149780273,-1,
R_3NHY9ufg8wOdA9M,Default Response Set,Anonymous,,,76.88.39.68,0,2015-08-02 21:43:57,2015-08-02 21:51:20,1,df3dc2b2addba19aaedcbcb6d844567e,moderate,1,Female,54,Yes,1,1,deer,1,1,jerboa,1,1,I don't know.,1,1,I don't know.,1,1,I don't know.,1,1,I don't know.,1,1,I don't know.,1,1,I don't know.,1,1,eel,1,1,fish,"No, they were not helpful",1,32.957000732422,-117.19789886475,-1,
R_7V7YvA3v6GqYYEx,Default Response Set,Anonymous,,,166.176.57.129,0,2015-08-02 21:48:09,2015-08-02 21:52:05,1,cf0a4c0d536dcd65d39b44eb12061a88,moderate,1,Male,35,No,1,1,I don't know,1,1,I don't know,1,1,I don't know,1,1,I don't know,1,1,I don't know,1,1,I don't know,1,1,I don't know,1,1,I don't know,1,1,I don't know,1,1,I don't know,"No, they were not helpful",1,34.052200317383,-118.24369812012,-1,
R_3HjF3GTbccyCnqe,Default Response Set,Anonymous,,,172.90.200.91,0,2015-08-02 21:56:01,2015-08-02 22:00:16,1,e9a0df6e4ce9ca3951826f0b1d41846d,moderate,1,Female,40,Yes,1,1,alpaca,1,1,kangaroo mouse,1,1,i don't know,1,1,i don't know,1,1,i don't know,1,1,i don't know,1,1,sloth,1,1,I don't know,1,1,I don't know,1,1,I don't know,"Yes, they were helpful",1,33.912902832031,-118.34390258789,-1,
R_2q2VdQTOXKYoiu9,Default Response Set,Anonymous,,,166.171.58.167,0,2015-08-02 22:00:36,2015-08-02 22:03:11,1,4f3215701237ddbbe0bfb11f380b0d1d,moderate,1,Female,41,Yes,1,1,Deer,1,1,Mouse,1,1,Possum ,1,1,I don't know,1,1,Fish,1,1,I don't know,1,1,I don't know,1,1,Sloth,1,1,Eel,1,1,Fish,"Yes, they were helpful",1,39.945495605469,-75.602401733398,-1,
R_2YuhDvnSMzNDEJY,Default Response Set,Anonymous,,,99.184.251.118,0,2015-08-02 21:59:10,2015-08-02 22:03:54,1,1e788f6d3125a79cbd76a19b8b069da8,moderate,1,Male,45,Yes,1,1,I don't know,1,1,I don't know,1,1,I don't know,1,1,I don't know,1,1,I don't know,1,1,I don't know,1,1,I don't know,1,1,I don't know,1,1,I don't know,1,1,I don't know,"No, they were not helpful",1,33.095794677734,-117.27209472656,-1,
R_2CCbpJTr92Rlkgs,Default Response Set,Anonymous,,,45.49.166.18,0,2015-08-02 22:10:08,2015-08-02 22:12:28,1,389611dc2bc4432aa32c574a0e5568cb,moderate,1,Male,30,Yes,1,1,I don't know,1,1,Mouse,1,1,I don't know,1,1,I don't know,1,1,I don't know,1,1,I don't know,1,1,I don't know,1,1,Sloth,1,1,Eel,1,1,I don't know,"No, they were not helpful",1,34.048599243164,-118.44239807129,-1,
R_237zVn23APuHeTW,Default Response Set,Anonymous,,,98.208.75.163,0,2015-08-02 22:09:00,2015-08-02 22:14:35,1,cbd138a0f97d781454ab49949fd0231a,moderate,1,Female,40,Yes,1,1,gazelle,1,1,kangaroo mouse,1,1,rodent,1,1,bat,1,1,mud puppy,1,1,mud puppy,1,1,I don't know,1,1,I don't know,1,1,shark,1,1,I don't know,"No, they were not helpful",1,38.494995117188,-121.53050231934,-1,
R_27glpEZflx7nSqx,Default Response Set,Anonymous,,,172.250.147.10,0,2015-08-02 22:12:40,2015-08-02 22:15:09,1,ac5788f32e645630298bc8dabbf724d0,moderate,1,Female,35,Yes,1,1,I dont't know,1,1,I dont't know,1,1,I dont't know,1,1,I don't know,1,1,I dont't know,1,1,I dont't know,1,1,I dont't know,1,1,I dont't know,1,1,I dont't know,1,1,I dont't know,"No, they were not helpful",1,33.831207275391,-117.86729431152,-1,
R_1qfhSYzbjJpEtxX,Default Response Set,Anonymous,,,73.162.168.124,0,2015-08-02 22:11:33,2015-08-02 22:17:31,1,bc3c94b0133ff595daa2d5c3acdd3b83,moderate,1,Male,40,Yes,1,1,I don't know,1,1,Kangaroo rat,1,1,Kangaroo rat,1,1,Wombat,1,1,I don't know,1,1,I don't know,1,1,I don't know,1,1,I don't know,1,1,Eel,1,1,Nudibranch--a blue dragon if I recall correctly,"No, they were not helpful",1,36.67529296875,-121.61019897461,-1,
R_DdA4B64I5zxQ2Rj,Default Response Set,Anonymous,,,71.102.62.21,0,2015-08-02 22:18:49,2015-08-02 22:23:16,1,dfa69eb2abc6607777523abbd812b46f,moderate,1,Female,39,Yes,1,1,Alpaca,1,1,Rodent- mouse,1,1,Opossum,1,1,Wolverine,1,1,I don't know,1,1,Tadpole ,1,1,I don't know,1,1,I don't know,1,1,Eel,1,1,A type of fish,"Yes, they were helpful",1,33.755706787109,-116.23300170898,-1,
R_eCGriFl698HHh1X,Default Response Set,Anonymous,,,71.84.211.28,0,2015-08-02 22:19:47,2015-08-02 22:24:35,1,31ffc43c370d1cb6bc5741500e845712,moderate,1,Female,45,Yes,1,1,deer,1,1,kangaroo,1,1,other,1,1,wolverine,1,1,amphibian,1,1,tadpole,1,1,ferret,1,1,don't know,1,1,eel,1,1,sea slug,"Yes, they were helpful",1,34.143096923828,-117.61599731445,-1,
R_3JL478c25CxnmIo,Default Response Set,Anonymous,,,96.229.147.27,0,2015-08-02 22:25:06,2015-08-02 22:30:07,1,89bc1e5051bdfa1428521d168d0ed121,moderate,1,Male,32,Yes,1,1,I don't know.,1,1,I don't know.,1,1,Possum,1,1,I don't know.,1,1,I don't know.,1,1,I don't know.,1,1,I don't know.,1,1,I don't know.,1,1,I don't know.,1,1,I don't know.,"Yes, they were helpful",1,34.061401367188,-117.17340087891,-1,
R_2YR4gnkocrcc0v3,Default Response Set,Anonymous,,,71.83.233.97,0,2015-08-02 22:31:26,2015-08-02 22:34:47,1,f4d0a7e7ad7ae82132a9b3aa1075e31f,moderate,1,Male,24,No,1,1,I don't know,1,1,I don't know,1,1,I don't know,1,1,I don't know,1,1,I don't know,1,1,I don't know,1,1,I don't know,1,1,Bear,1,1,I don't know,1,1,Sea slug,"No, they were not helpful",1,46.328201293945,-119.32220458984,-1,
R_2Ey24i1AUjwOBld,Default Response Set,Anonymous,,,71.84.243.148,0,2015-08-02 22:35:17,2015-08-02 22:37:28,1,43a287450664f14b5cfc88a6098d525c,moderate,1,Male,33,No,1,1,Other,1,1,Other,1,1,Other,1,1,Wolverine ,1,1,Other,1,1,Other,1,1,Other,1,1,Other,1,1,Other,1,1,Other,"No, they were not helpful",1,33.998901367188,-117.44079589844,-1,
R_tExlfUPkfQqGFW1,Default Response Set,Anonymous,,,76.103.173.208,0,2015-08-02 22:32:44,2015-08-02 22:38:19,1,90189b817807c21d2a4b48c6df1ef5ce,moderate,1,Female,46,Yes,1,1,I don't know,1,1,Deer mouse,1,1,I don't know,1,1,Tasmanian devil,1,1,Xolotl,1,1,Axolotl,1,1,I don't know,1,1,I don't know,1,1,Fish,1,1,Nudi,"No, they were not helpful",1,37.901702880859,-122.26150512695,-1,
R_2vZWCp4LkNs8F4W,Default Response Set,Anonymous,,,76.93.157.110,0,2015-08-02 22:42:47,2015-08-02 22:52:06,1,33efec50b08842c7f3abcc0aa5f00598,moderate,1,Female,49,No,1,1,Okapi,1,1,Jumping mouse,1,1,I don't know,1,1,Wolverine,1,1,I don't know,1,1,I don't know,1,1,I don't know,1,1,Bear,1,1,I don't know,1,1,I don't know,"No, they were not helpful",1,32.821502685547,-117.0843963623,-1,
R_1ouarYoA5P9R1ca,Default Response Set,Anonymous,,,99.44.65.39,0,2015-08-02 22:47:46,2015-08-02 22:52:58,1,8259fd7c4f6c09ef5574f7134b0b4e67,moderate,1,Female,38,No,1,1,Other,1,1,Rat,1,1,Possums ,1,1,Other,1,1,Manatee,1,1,Other,1,1,Other,1,1,Sloth,1,1,Fish,1,1,Coral,"Yes, they were helpful",1,33.750595092773,-117.85559844971,-1,
R_3hbwW7jucwJV4qN,Default Response Set,Anonymous,,,50.0.242.125,0,2015-08-02 22:57:05,2015-08-02 23:02:18,1,bb9c1948dedc5ec767831a915bee06fd,moderate,1,Female,32,Yes,1,1,Llama,1,1,Bunny,1,1,Possum,1,1,I don't know,1,1,I don't know,1,1,Salamander,1,1,I don't know,1,1,I don't know,1,1,Eel,1,1,Shrimp,"No, they were not helpful",1,37.834503173828,-122.26470184326,-1,
R_2c5xjxSrYaYznX7,Default Response Set,Anonymous,,,208.54.4.255,0,2015-08-02 23:11:59,2015-08-02 23:16:46,1,0b0c31b68d079b7b7d6b0f5c7ab95bed,moderate,1,Male,25,Yes,1,1,I don't know,1,1,I don't know,1,1,I don't know,1,1,I don't know,1,1,I don't know,1,1,I don't know,1,1,I don't know,1,1,bear,1,1,I don't know,1,1,I don't know,"No, they were not helpful",1,34.052200317383,-118.24369812012,-1,
R_beeHPmKWc0AZnYp,Default Response Set,Anonymous,,,173.228.88.19,0,2015-08-03 00:02:12,2015-08-03 00:05:20,1,183bac62e08983227f193cd5ee0fc767,moderate,1,Female,40,Yes,1,1,deer,1,1,mouse,1,1,possum,1,1,wolverine,1,1,otter,1,1,lizard,1,1,badger,1,1,sloth,1,1,eel,1,1,fish,"No, they were not helpful",1,37.38850402832,-122.07409667969,-1,
R_2a9T7ufg1HPx4Mn,Default Response Set,Anonymous,,,121.247.68.245,0,2015-08-03 00:35:43,2015-08-03 00:40:01,1,2ab32bc36ca692ce73a675e27732d5b8,moderate,1,Female,53,No,1,1,I don't know,1,1,I don't know,1,1,I don't know,1,1,I don't know,1,1,manatee,1,1,tadpole,1,1,badger,1,1,sloth,1,1,fish,1,1,Fish,"Yes, they were helpful",1,20,77,-1,
R_25EUQqrTh5AhCMN,Default Response Set,Anonymous,,,178.78.69.214,0,2015-08-03 00:52:43,2015-08-03 00:56:25,1,28c7e916daafeed1fec5411653116713,moderate,1,Female,45,No,1,1,alpaca,1,1,i don't know,1,1,possum,1,1,wolverine,1,1,manatee,1,1,tadpole,1,1,aardvark,1,1,sloth,1,1,eel,1,1,i dont know,"Yes, they were helpful",1,53.716705322266,-0.33329772949219,-1,
R_1Eck3eeA6cH7Ak0,Default Response Set,Anonymous,,,119.170.148.192,0,2015-08-03 01:09:08,2015-08-03 01:26:19,1,2b6581da2b146050758c70a7e9c282f3,moderate,1,Female,26,Yes,1,1,Some type of deer,1,1,Kangaroo Mouse,1,1,Shrew,1,1,Mix between a bat and badger,1,1,Fat Axolotl,1,1,Axolotl,1,1,I don't know,1,1,Bear,1,1,Eel shark,1,1,Blue Dragon,"No, they were not helpful",1,33.606399536133,130.41809082031,-1,
R_1EaoQKVNKHtkBOl,Default Response Set,Anonymous,,,83.110.155.222,0,2015-08-03 02:21:41,2015-08-03 02:29:32,1,f004d241cfedec243e94c38a81b0009b,moderate,1,Male,25,Yes,1,1,Deer,1,1,I don't know,1,1,Bilby! I got one,1,1,I don't know,1,1,I don't know,1,1,Fish,1,1,80's hair metal Andre Braugher (I don't know),1,1,I don't know,1,1,I don't know,1,1,Mandelbrot fractral (I don't know),"No, they were not helpful",1,25.258193969727,55.304702758789,-1,
R_2uyb98fUQZZmv58,Default Response Set,Anonymous,,,65.188.234.116,0,2015-08-03 02:29:29,2015-08-03 02:31:44,1,a640afd9c924ce2a088ee4a4c6a49e7f,moderate,1,Male,25,No,1,1,alpaca,1,1,other,1,1,other,1,1,wolverine,1,1,fish,1,1,lizard,1,1,aardvark,1,1,other,1,1,eel,1,1,other,"Yes, they were helpful",1,36.124206542969,-80.635101318359,-1,
R_1Im7b7A0VLYOzFT,Default Response Set,Anonymous,,,184.47.91.206,0,2015-08-03 02:45:35,2015-08-03 02:47:06,1,d6f04df27005f410fbf659f3e0f88985,moderate,1,Male,25,No,1,1,Deer,1,1,Mouse,1,1,I don't know,1,1,I don't know,1,1,I don't know,1,1,tadpole,1,1,badger,1,1,sloth,1,1,other,1,1,I don't know,"Yes, they were helpful",1,34.377593994141,-83.760498046875,-1,
R_3dNb3m9efdeRoeL,Default Response Set,Anonymous,,,76.102.147.210,0,2015-08-03 03:29:20,2015-08-03 03:32:34,1,6114f008c65a19d4e8687a99408afd63,moderate,1,Female,40,Yes,1,1,I don't know,1,1,Chinchilla,1,1,aardvark,1,1,I don't know,1,1,I don't Know,1,1,tadpole,1,1,I don't know,1,1,I don't know,1,1,I don't know,1,1,I don't know,"No, they were not helpful",1,36.725799560547,-121.63180541992,-1,
R_2CkVnZtc4erygd5,Default Response Set,Anonymous,,,73.196.182.154,0,2015-08-03 04:19:40,2015-08-03 04:22:14,1,01d44dd1d8984c343d9243e7968921f5,moderate,1,Female,36,Yes,1,1,Alpaca,1,1,Mouse,1,1,Possum,1,1,Badger,1,1,I don't know,1,1,Tadpole,1,1,I don't know.,1,1,I don't know.,1,1,Eel,1,1,Spider,"Yes, they were helpful",1,39.696899414062,-75.125,-1,
R_svwgvJMp1PF6zAZ,Default Response Set,Anonymous,,,69.251.63.244,0,2015-08-03 04:25:39,2015-08-03 04:31:03,1,2312b513b29ca6d72fb5c056b64da5fc,moderate,1,Female,28,Yes,1,1,Baby alpaca,1,1,I don't know,1,1,Baby kangaroo,1,1,I don't know,1,1,I don't know,1,1,I don't know,1,1,I don't know,1,1,I don't know,1,1,I don't know,1,1,I don't know,"No, they were not helpful",1,39.295196533203,-76.623100280762,-1,
R_3M4G5AVSfrcCUhQ,Default Response Set,Anonymous,,,166.170.25.131,0,2015-08-03 04:30:48,2015-08-03 04:35:02,1,b29d61dedf04693fe474aea92a278ffa,moderate,1,Male,30,Yes,1,1,Alpaca,1,1,Patagonian cavy,1,1,Possum,1,1,Badger,1,1,I don't know,1,1,Tadpole,1,1,I don't know,1,1,Sloth,1,1,I don't know,1,1,I don't know,"No, they were not helpful",1,40.298706054688,-83.068000793457,-1,
R_2c6GhbMoPEbdGDx,Default Response Set,Anonymous,,,70.194.38.76,0,2015-08-03 04:36:33,2015-08-03 04:39:18,1,6154be35e9c62f10a396d0593f77eebf,moderate,1,Male,48,Yes,1,1,I don't know,1,1,I don't know,1,1,I don't know,1,1,I don't know,1,1,I don't know,1,1,I don't know,1,1,I don't know,1,1,I don't know,1,1,I don't know,1,1,I don't know,"Yes, they were helpful",1,42.64860534668,-83.405197143555,-1,
R_54unF4uVD2DSxRD,Default Response Set,Anonymous,,,92.238.38.24,0,2015-08-03 04:41:54,2015-08-03 04:44:11,1,c5a196a5f6e6e74b010f97a3d80c49d1,moderate,1,Male,30,No,1,1,Alpaca,1,1,I don't know.,1,1,Possum,1,1,Tasmanian Devil,1,1,I don't know.,1,1,Tadpole,1,1,Aardvark,1,1,Sloth,1,1,Eel,1,1,I don't know.,"Yes, they were helpful",1,53.433303833008,-1.3500061035156,-1,
R_1cV7jGFJOJIeF9j,Default Response Set,Anonymous,,,106.66.234.160,0,2015-08-03 04:49:47,2015-08-03 04:55:42,1,6d61f47cf052a57667c9a61175107d26,moderate,1,Male,29,Yes,1,1,Deer,1,1,Mouse,1,1,Possum,1,1,Other,1,1,Fish,1,1,Other,1,1,Badger ,1,1,I don't know,1,1,I don't know,1,1,Fish,"Yes, they were helpful",1,20,77,-1,
R_1DHm6NBiSiXvNbe,Default Response Set,Anonymous,,,71.75.21.165,0,2015-08-03 05:18:09,2015-08-03 05:27:00,1,d380db5a58094eb9e658cdab6e59b12c,moderate,1,Male,33,Yes,1,1,I don't know,1,1,Jerboa,1,1,I don't know,1,1,Wolverine,1,1,I don't know,1,1,Tadpole,1,1,I don't know,1,1,Sloth,1,1,Conger Eel,1,1,I don't know,"Yes, they were helpful",1,35.123199462891,-80.934303283691,-1,
R_OeOPr5SenPD5aH7,Default Response Set,Anonymous,,,173.190.31.166,0,2015-08-03 05:24:50,2015-08-03 05:27:15,1,a617360f9178bbda4d8fbf7897c958ef,moderate,1,Male,28,Yes,1,1,Zebra.,1,1,I don't know.,1,1,I don't know.,1,1,Wolverine.,1,1,I don't know,1,1,Salamander.,1,1,I don't know.,1,1,Bear.,1,1,I don't know.,1,1,I don't know.,"No, they were not helpful",1,37.864700317383,-84.56420135498,-1,
R_2bN42MviafpgZhl,Default Response Set,Anonymous,,,74.84.127.14,0,2015-08-03 05:47:04,2015-08-03 05:49:48,1,4c4781bd44238b160535a93fc0aa397b,moderate,1,Male,30,Yes,1,1,Alpaca,1,1,Kangaroo,1,1,Rat,1,1,I don't know,1,1,I don't know,1,1,Lizard,1,1,I don't know,1,1,Sloth,1,1,Eel,1,1,I don't know,"Yes, they were helpful",1,42.527206420898,-90.774002075195,-1,
R_1cTFwotnFBU3RMS,Default Response Set,Anonymous,,,142.197.120.223,0,2015-08-03 05:46:54,2015-08-03 06:06:15,1,f37ff23214ae302c658a8fbd4e234d6c,moderate,1,Female,35,Yes,1,1,Deer ,1,1,Mouse ,1,1,Possum ,1,1,Porcupine ,1,1,I don't know ,1,1,Fish ,1,1,I don't know ,1,1,I don't know ,1,1,Whale ,1,1,Fish ,"No, they were not helpful",1,28.607894897461,-81.30549621582,-1,
R_3neWT3NEK8ShaoA,Default Response Set,Anonymous,,,71.236.116.10,0,2015-08-03 06:45:03,2015-08-03 06:49:06,1,70d82723f991a912ec062c9d7bdcc53e,moderate,1,Female,38,No,1,1,bongo antelopes,1,1,I do not know,1,1,bilby,1,1,bat,1,1,I do not know,1,1,tadpole,1,1,wild haggis,1,1,hairless bear,1,1,walking shark,1,1,blue dragon,"Yes, they were helpful",1,40.158203125,-80.255302429199,-1,
R_2cAbbpzAMGQCCyq,Default Response Set,Anonymous,,,166.170.39.161,0,2015-08-03 06:44:07,2015-08-03 06:49:31,1,24f9f492a39c414632b3b477612d6b45,moderate,1,Male,38,No,1,1,I don't know,1,1,Gerbil,1,1,I don't know,1,1,I don't know,1,1,I don't know,1,1,Tadpole,1,1,I don't know,1,1,I don't know,1,1,I don't know,1,1,I don't know,"No, they were not helpful",1,37.804397583008,-122.27079772949,-1,
R_333IW1iv3Ir0gmd,Default Response Set,Anonymous,,,70.189.34.122,0,2015-08-03 06:44:31,2015-08-03 06:50:00,1,62f86d3031e66321d8ba87651b233d9f,moderate,1,Male,30,No,1,1,deer,1,1,Kangaroo mouse,1,1,i don't know,1,1,i don't know,1,1,Other,1,1,Newt,1,1,i don't know,1,1,Other,1,1,Eel,1,1,i don't know,"No, they were not helpful",1,29.957901000977,-91.872100830078,-1,
R_25Xjm4d7nPtDdi1,Default Response Set,Anonymous,,,162.250.84.214,0,2015-08-03 06:47:56,2015-08-03 06:51:08,1,e2a88401a870141e48d828088b566951,moderate,1,Female,34,No,1,1,Deer,1,1,I don't know,1,1,Possum,1,1,wolverine,1,1,I don't know,1,1,I don't know,1,1,i don't know,1,1,I don't know,1,1,eel,1,1,i don't know,"Yes, they were helpful",1,32.497100830078,-85.035697937012,-1,
R_1E5szJwQJegMouq,Default Response Set,Anonymous,,,74.70.140.227,0,2015-08-03 06:46:39,2015-08-03 06:51:10,1,e08b858203c641642ff61d755b8d8749,moderate,1,Male,30,Yes,1,1,I don't know,1,1,Kangaroo Mouse,1,1,Opossum,1,1,I don't know,1,1,Catfish,1,1,I don't know,1,1,I don't know,1,1,Bear,1,1,Eel,1,1,I don't know,"No, they were not helpful",1,42.688095092773,-73.063003540039,-1,
R_27ricGeBemk3g9a,Default Response Set,Anonymous,,,4.35.237.1,0,2015-08-03 06:55:48,2015-08-03 06:57:17,1,9c8790f139c152c3a294ff3060207e97,moderate,1,Male,25,Yes,1,1,I don't know,1,1,I don't know,1,1,Muad'Dib,1,1,Wombat,1,1,Axlotl,1,1,Axlotl,1,1,Skunk,1,1,I don't know,1,1,I don't know,1,1,I don't know,"No, they were not helpful",1,39.052597045898,-77.121002197266,-1,
R_wNs0WeSqn94LUNr,Default Response Set,Anonymous,,,76.255.216.79,0,2015-08-03 07:08:24,2015-08-03 07:15:21,1,05ae3fbbe44331192d88019cca79af9b,moderate,1,Female,61,Yes,1,1,I don't know,1,1,newborn joey kangaroo,1,1,I don't know,1,1,I don't know,1,1,I don't know,1,1,I don't know,1,1,I don't know,1,1,I don't know,1,1,eel,1,1,I don't know,"No, they were not helpful",1,43.264007568359,-82.658897399902,-1,
R_3JqlYCEbrf0n7q1,Default Response Set,Anonymous,,,73.140.73.151,0,2015-08-03 07:11:58,2015-08-03 07:16:12,1,ec3b9450b01b8ff6bcc00579e19d53fa,moderate,1,Female,25,No,1,1,Deer,1,1,Mouse,1,1,Possum,1,1,Other,1,1,I don't know,1,1,Tadpole,1,1,Other,1,1,Other,1,1,Eel,1,1,Fish,"No, they were not helpful",1,47.197998046875,-122.44729614258,-1,
R_3nAvwU5Sx6otTTS,Default Response Set,Anonymous,,,99.38.133.74,0,2015-08-03 07:17:48,2015-08-03 07:23:19,1,fa75eeeeb867831ba0d0b339e2f81e5a,moderate,1,Female,41,No,1,1,Alpaca,1,1,I don't know,1,1,Possum,1,1,I don't know,1,1,Manatee,1,1,Tadpole,1,1,Badger,1,1,Sloth,1,1,I don't know,1,1,I don't know,"Yes, they were helpful",1,34.238693237305,-118.2467956543,-1,
R_2BznVBI8ndyDVnE,Default Response Set,Anonymous,,,54.174.77.195,0,2015-08-03 07:26:42,2015-08-03 07:30:51,1,473a645947ff81dffd9716685b9fced2,moderate,1,Female,26,Yes,1,1,I don't know,1,1,I don't know,1,1,Anteater,1,1,Wolverine,1,1,I don't know,1,1,I don't know,1,1,I don't know,1,1,I don't know,1,1,I don't know,1,1,I don't know,"No, they were not helpful",1,39.043701171875,-77.487503051758,-1,
R_3Mm1oBspGUNoBPl,Default Response Set,Anonymous,,,99.127.196.40,0,2015-08-03 07:37:10,2015-08-03 07:41:10,1,77aefbe3ef1e5da3265bccdca9548471,moderate,1,Male,32,No,1,1,Alpaca,1,1,I don't know,1,1,Kangaroo Rat,1,1,Porcupine,1,1,I don't know,1,1,I don't know,1,1,I don't know,1,1,Mangy Bear,1,1,Eel,1,1,I don't know,"No, they were not helpful",1,35.92790222168,-84.08519744873,-1,
R_O3YloHlW483qLSh,Default Response Set,Anonymous,,,74.70.16.32,0,2015-08-03 07:45:10,2015-08-03 07:47:56,1,45208ff2616e897ce7bf38703e05c4e2,moderate,1,Female,33,Yes,1,1,I don't know,1,1,Mouse,1,1,Possum,1,1,Porcupine,1,1,Otter,1,1,Lizard,1,1,Badger,1,1,I don't know,1,1,Eel,1,1,I don't know,"Yes, they were helpful",1,43.352294921875,-73.689796447754,-1,
R_1Nwy487Q2Wx5yIA,Default Response Set,Anonymous,,,45.50.103.41,0,2015-08-03 07:48:30,2015-08-03 07:54:22,1,e0ec0df1fa89a9f83545ff25dcce17ae,moderate,1,Female,37,No,1,1,Alpaca,1,1,Mouse,1,1,Possum,1,1,I don't know,1,1,I don't know,1,1,I don't know,1,1,I don't know ,1,1,I don't know ,1,1,Eel,1,1,I don't know,"No, they were not helpful",1,33.754501342773,-117.94639587402,-1,
R_27JPlRQz0ZUutlM,Default Response Set,Anonymous,,,99.89.5.249,0,2015-08-03 08:23:22,2015-08-03 08:29:10,1,5021ca31971c6c036887145ca55843a6,moderate,1,Male,42,Yes,1,1,deer,1,1,mouse,1,1,other,1,1,porcupine,1,1,giant salamendar,1,1,other,1,1,aardvark,1,1,sloth,1,1,fish,1,1,fish,"No, they were not helpful",1,37.759094238281,-122.13589477539,-1,
R_2bZArF5npPsC4Zq,Default Response Set,Anonymous,,,23.123.156.153,0,2015-08-03 08:28:28,2015-08-03 08:31:10,1,b201233526322c7c1e95cf2c8ad2b4d5,moderate,1,Male,34,Yes,1,1,I don't know.,1,1,I don't know.,1,1,I don't know.,1,1,I don't know.,1,1,I don't know.,1,1,I don't know.,1,1,I don't know.,1,1,I don't know.,1,1,I don't know.,1,1,I don't know.,"No, they were not helpful",1,38.350692749023,-121.93260192871,-1,
R_2ASvkOVfjf0InyC,Default Response Set,Anonymous,,,67.172.251.108,0,2015-08-03 08:34:40,2015-08-03 08:38:33,1,118e4cf8e156a61c9c6d3e242809bbdd,moderate,1,Female,29,Yes,1,1,I don't know,1,1,I don't know,1,1,I don't know,1,1,I don't know,1,1,I don't know,1,1,Lizard,1,1,I don't know,1,1,I don't[ know,1,1,Shark,1,1,I don't know,"No, they were not helpful",1,40.799499511719,-111.82849884033,-1,
R_2uJz79PbzIJFvA9,Default Response Set,Anonymous,,,68.65.189.30,0,2015-08-03 08:39:07,2015-08-03 08:43:54,1,fcd910d887c3901eeae13c62144e10da,moderate,1,Female,38,No,1,1,mammal ,1,1,marsupial,1,1,i dont know,1,1,i dont know,1,1,axolotl,1,1,axolotl ,1,1,marsupial,1,1,i dont know,1,1,fish,1,1,fish,I did not see any statistics,1,45.865798950195,-84.627098083496,-1,
R_2xQbPXKXKrfQbUi,Default Response Set,Anonymous,,,50.4.107.69,0,2015-08-03 08:42:33,2015-08-03 08:46:51,1,e5151d10be354845f1f0dd4482efe353,moderate,1,Female,40,Yes,1,1,Antelope ,1,1,Kangaroo mouse ,1,1,Rodent of the desert,1,1,I don't know,1,1,Frog,1,1,Newt,1,1,I don't know ,1,1,I don't know,1,1,I don't know,1,1,Fish,"No, they were not helpful",1,42.598297119141,-83.178497314453,-1,
R_6DzAbJU8ZvUcaeR,Default Response Set,Anonymous,,,24.6.182.230,0,2015-08-03 09:08:07,2015-08-03 09:11:28,1,93b164aaad9ed1a8124cb5c9cdeb8095,moderate,1,Female,36,Yes,1,1,deer,1,1,I don't know,1,1,anteater,1,1,wolverine,1,1,I don't know,1,1,salamander,1,1,I don't know,1,1,sloth,1,1,I don't know,1,1,I don't know,"No, they were not helpful",1,37.35009765625,-121.98539733887,-1,
R_r8bwTGzDPGsj7gt,Default Response Set,Anonymous,,,66.27.60.166,0,2015-08-03 09:18:50,2015-08-03 09:23:52,1,9fd31d7e18e8214ec17b246016ff67cc,moderate,1,Female,48,Yes,1,1,Alpaca,1,1,I don't know,1,1,I don't know,1,1,I don't know!,1,1,Fish,1,1,I don't know,1,1,I don't know!,1,1,Other,1,1,I don't know!,1,1,I don't k ow,"No, they were not helpful",1,32.715301513672,-117.15730285645,-1,
R_2OVm94emWM22pJu,Default Response Set,Anonymous,,,66.210.55.170,0,2015-08-03 09:18:56,2015-08-03 09:26:35,1,904551c3dcb82dae038ccadcc1310006,moderate,1,Male,36,Yes,1,1,Deer,1,1,kangaroo,1,1,Possum,1,1,Badger,1,1,I don't know,1,1,I don't know,1,1,Aardvark,1,1,Sloth,1,1,Eel,1,1,I don't know,"No, they were not helpful",1,33.571701049805,-117.72889709473,-1,
R_5uUPmdyoWhb3x3b,Default Response Set,Anonymous,,,70.209.210.158,0,2015-08-03 09:35:36,2015-08-03 09:39:25,1,6bd65b84aa8bfcd8010ae4fcc1b20dbb,moderate,1,Female,57,No,1,1,Alpaca,1,1,Rat,1,1,I don't know,1,1,I don't know,1,1,Fish,1,1,I don't know,1,1,I don't know,1,1,Sloth,1,1,Fish,1,1,I don't know,"Yes, they were helpful",1,33.645095825195,-117.67860412598,-1,
R_bBYooBD9FU7XwuV,Default Response Set,Anonymous,,,108.193.223.1,0,2015-08-03 09:58:57,2015-08-03 10:00:21,1,1142acd38f10b8bc6ffd9787a430382b,moderate,1,Male,25,No,1,1,I don't know.,1,1,I don't know.,1,1,I don't know.,1,1,I don't know.,1,1,I don't know,1,1,I don't know.,1,1,I don't know.,1,1,I don't know.,1,1,I don't know.,1,1,I don't know.,"No, they were not helpful",1,34.076095581055,-118.14419555664,-1,
R_1f9RrJTcx4WdwKy,Default Response Set,Anonymous,,,72.223.8.116,0,2015-08-03 09:57:20,2015-08-03 10:00:27,1,437f9aac6929f590428c993300366b3d,moderate,1,Female,25,Yes,1,1,alpaca,1,1,i don't know,1,1,possum,1,1,i don't know,1,1,i don't know,1,1,axiolot,1,1,i don't know,1,1,i don't know,1,1,eel,1,1,i don't know,"Yes, they were helpful",1,33.24870300293,-111.63430023193,-1,
R_2CQcdDXG1sSU8e4,Default Response Set,Anonymous,,,69.249.246.194,0,2015-08-03 10:00:24,2015-08-03 10:03:49,1,d9a2ba30ffc60fcb919ce1f752e0db87,moderate,1,Male,30,No,1,1,I don't know,1,1,mouse,1,1,Possum,1,1,Wolverine,1,1,salamander,1,1,salamander,1,1,I don't know,1,1,Bear,1,1,fish,1,1,fish,"Yes, they were helpful",1,40.193206787109,-75.674896240234,-1,
R_2bTBDiso2C7k4rx,Default Response Set,Anonymous,,,76.17.14.151,0,2015-08-03 10:05:20,2015-08-03 10:08:22,1,aa9940ed27783e0c8ccc48eb4d360f23,moderate,1,Female,39,Yes,1,1,llama,1,1,wombat,1,1,I don't know,1,1,I don't know,1,1,fish,1,1,fish,1,1,I don't know,1,1,I don't know,1,1,I don't know,1,1,coral,"No, they were not helpful",1,33.860198974609,-84.765403747559,-1,
R_1JPeTjdGQkpn66B,Default Response Set,Anonymous,,,70.210.192.1,0,2015-08-03 10:04:31,2015-08-03 10:08:50,1,2c9dec85e264582cab6a316ccdfce54f,moderate,1,Male,33,Yes,1,1,alpaca,1,1,I don't know,1,1,Possum,1,1,wolverine,1,1,Manatee,1,1,I don't know,1,1,aardvark,1,1,sloth,1,1,eel,1,1,I don't know,"Yes, they were helpful",1,35.084503173828,-106.65110015869,-1,
R_2tJPK7FXf1KuNS0,Default Response Set,Anonymous,,,73.48.158.137,0,2015-08-03 10:13:26,2015-08-03 10:16:18,1,efc22a09c67da83393a675be6d3d5d63,moderate,1,Female,34,Yes,1,1,Alpaca,1,1,I don't know,1,1,Possum,1,1,Wolverine ,1,1,Otter,1,1,Tadpole ,1,1,I don't know,1,1,Sloth,1,1,Eel ,1,1,I don't know,"Yes, they were helpful",1,38.693206787109,-121.31159973145,-1,
R_eFXQW3h4Zg2RqO5,Default Response Set,Anonymous,,,24.4.172.27,0,2015-08-03 10:13:33,2015-08-03 10:18:27,1,20d347794d5d4345019a9f9e5d5e48d9,moderate,1,Female,30,Yes,1,1,Deer,1,1,Rat,1,1,Opossum,1,1,Wolverine,1,1,Newt,1,1,Newt,1,1,Aardvark,1,1,Sloth,1,1,Eel,1,1,Mollusk,"Yes, they were helpful",1,37.674499511719,-122.0883026123,-1,
R_tEhFlA3J66CLSOB,Default Response Set,Anonymous,,,76.205.164.120,0,2015-08-03 10:18:10,2015-08-03 10:27:46,1,17e4f0815c22d4be5a36097b9f24bf68,moderate,1,Female,68,Yes,1,1,I don't know,1,1,mouse,1,1,I don't know,1,1,wolverine,1,1,I don't know,1,1,amphibian,1,1,I don't know,1,1,bear,1,1,whale,1,1,fish,"No, they were not helpful",1,29.065505981445,-95.382797241211,-1,
R_2Pkjd5xfvpzKDN1,Default Response Set,Anonymous,,,73.9.248.192,0,2015-08-03 10:38:39,2015-08-03 10:42:12,1,50ee1453d1c13c86770c32a355161dac,moderate,1,Male,25,No,1,1,I don't know.,1,1,I don't know.,1,1,I don't know.,1,1,I don't know.,1,1,I don't know.,1,1,Axolot,1,1,I don't know.,1,1,I don't know.,1,1,I don't know.,1,1,I don't know.,"No, they were not helpful",1,41.922302246094,-87.755500793457,-1,
R_3ReAL6LCDBURZhT,Default Response Set,Anonymous,,,216.243.14.23,0,2015-08-03 11:06:05,2015-08-03 11:08:29,1,c002458e4fc02c2659001ed5e91193dd,moderate,1,Male,32,Yes,1,1,Ilama,1,1,Bat,1,1,Possum,1,1,I don't know,1,1,I don't know,1,1,Tadpole,1,1,I don't know,1,1,Big Foot,1,1,Eel,1,1,I don't know,"No, they were not helpful",1,47.610305786133,-122.33409881592,-1,
R_3k5v06cPgxLJMeC,Default Response Set,Anonymous,,,72.23.176.243,0,2015-08-03 11:12:40,2015-08-03 11:15:35,1,534c74520c27bea3b2bf7473203332b9,moderate,1,Female,45,No,1,1,I don't know.,1,1,I don't know.,1,1,I don't know.,1,1,I don't know.,1,1,fish,1,1,I don't know.,1,1,I don't know.,1,1,sloth,1,1,eel,1,1,I don't know.,"No, they were not helpful",1,40.07600402832,-79.919403076172,-1,
R_URpFLDPv2MXepUd,Default Response Set,Anonymous,,,108.202.70.20,0,2015-08-03 11:18:40,2015-08-03 11:22:57,1,663d324b348bc650a07d511ea362ec09,moderate,1,Female,34,No,1,1,llama,1,1,Kangaroo Rat,1,1,Mole Rat,1,1,Wolverine,1,1,I don't know,1,1,Salamander,1,1,I don't know,1,1,I don't know,1,1,eel,1,1,I don't know,"No, they were not helpful",1,33.982894897461,-84.324203491211,-1,
R_2rjgWrFSNdmLRX0,Default Response Set,Anonymous,,,76.174.0.43,0,2015-08-03 11:10:29,2015-08-03 11:23:32,1,5d0077838aa709adf37724bf033ecf76,moderate,1,Male,61,Yes,1,1,I don;t know.,1,1,I don't know.,1,1,Possum,1,1,Badger,1,1,Fish,1,1,I don't know.,1,1,Aardvark,1,1,I don't know.,1,1,I don't know.,1,1,I don't know.,"No, they were not helpful",1,34.048599243164,-117.01429748535,-1,
R_1MKaRL8H7gDLAEB,Default Response Set,Anonymous,,,54.174.77.195,0,2015-08-03 11:25:50,2015-08-03 11:30:30,1,5aac733f1548d766e0e598ac4d0693c7,moderate,1,Female,34,No,1,1,I don't know,1,1,I don't know,1,1, I DON'T KNOW,1,1,PORCUPINE,1,1,I DON'T KNOW,1,1,TADPOLE,1,1,AARDVARK,1,1,OTHER,1,1,EEL,1,1,I don't know,"No, they were not helpful",1,39.043701171875,-77.487503051758,-1,
R_1kYzj0UOTEQWKIK,Default Response Set,Anonymous,,,69.40.146.144,0,2015-08-03 11:38:52,2015-08-03 11:41:35,1,c8da8a6ff9264b9f6d555ebfeb0f7dac,moderate,1,Female,39,Yes,1,1,deer,1,1,I don't know,1,1,possum,1,1,Wolverine,1,1,I don't know,1,1,tadpole,1,1,aardvark,1,1,sloth,1,1,I don't know,1,1,I don't know,"No, they were not helpful",1,41.793197631836,-81.057800292969,-1,
R_3QE2xIPf8l5VjpS,Default Response Set,Anonymous,,,66.210.55.170,0,2015-08-03 12:08:05,2015-08-03 12:15:31,1,9cbda14415bb51974dcdbebf7a29786a,moderate,1,Female,39,Yes,1,1,I dont know,1,1,Kangaroo Rat,1,1,I don't know,1,1,I dont know,1,1,I don't know,1,1,I don't know,1,1,I don't know,1,1,I don't know,1,1,I don't know,1,1,I don't know,"Yes, they were helpful",1,33.571701049805,-117.72889709473,-1,
R_2sQQOQqkhPbRE9p,Default Response Set,Anonymous,,,54.148.44.119,0,2015-08-03 12:11:30,2015-08-03 12:17:00,1,3bfce84e5561d1a684006315056552f9,moderate,1,Female,42,Yes,1,1,alcapa,1,1,jerboa,1,1,i don't know,1,1,i don't know,1,1,fish,1,1,i don't know,1,1,i don't know,1,1,sloth,1,1,eel,1,1,i don't know,"No, they were not helpful",1,45.839904785156,-119.70059967041,-1,
R_1gM7A64wN8oDiYc,Default Response Set,Anonymous,,,76.174.54.59,0,2015-08-03 12:57:26,2015-08-03 12:59:39,1,c5f3f2228b59c1b392dba9369d985d63,moderate,1,Male,27,Yes,1,1,Alpaca ,1,1,I don't know,1,1,Possum ,1,1,Wolverine ,1,1,I don't know,1,1,Tadpole ,1,1,I don't know,1,1,I don't know,1,1,Eel ,1,1,I don't know,"Yes, they were helpful",1,33.831207275391,-117.60530090332,-1,
R_1EYWzn4Yz53G7Bw,Default Response Set,Anonymous,,,66.210.55.170,0,2015-08-03 12:58:45,2015-08-03 13:01:00,1,c29140071e16992332b29545f3873da5,moderate,1,Male,29,No,1,1,I don't know,1,1,Mouse,1,1,Mouse,1,1,I don't know,1,1,oaxyctl,1,1,oaxyctl,1,1,I don't know,1,1,Bear,1,1,Shark,1,1,Fish,"No, they were not helpful",1,33.571701049805,-117.72889709473,-1,
R_1HnMYF5UtYtLchT,Default Response Set,Anonymous,,,173.175.67.40,0,2015-08-03 13:32:23,2015-08-03 13:33:46,1,a75830a10955a933cc58b499803a0a16,moderate,1,Female,27,Yes,1,1,I don't know,1,1,I don't know,1,1,I don't know,1,1,I don't know,1,1,I don't know,1,1,I don't know,1,1,I don't know,1,1,I don't know,1,1,I don't know,1,1,I don't know,"No, they were not helpful",1,27.73210144043,-97.384696960449,-1,
R_1FFFswet3bDB8Og,Default Response Set,Anonymous,,,76.180.195.81,0,2015-08-03 13:39:47,2015-08-03 13:44:12,1,e141350368735026f3c302b611bb36a7,moderate,1,Female,34,Yes,1,1,deer,1,1,rodent,1,1,rodent,1,1,I don't know,1,1,salamander,1,1,lizard,1,1,I don't know,1,1,I don't know,1,1,eel,1,1,scorpion,"Yes, they were helpful",1,42.935592651367,-78.806602478027,-1,
R_Q3WyW5mZnd4cuGt,Default Response Set,Anonymous,,,66.210.55.170,0,2015-08-03 14:07:01,2015-08-03 14:09:02,1,2eccbae16e823e99dd69c8c1421cdfa9,moderate,1,Male,38,Yes,1,1," ""I don't know.""",1,1," ""I don't know.""",1,1," ""I don't know.""",1,1," ""I don't know.""",1,1,"""I don't know""",1,1," ""I don't know.""",1,1," ""I don't know.""",1,1," ""I don't know.""",1,1," ""I don't know.""",1,1," ""I don't know.""","Yes, they were helpful",1,33.571701049805,-117.72889709473,-1,
R_XQX9Zapy4SasiFb,Default Response Set,Anonymous,,,24.241.75.167,0,2015-08-03 14:32:30,2015-08-03 14:36:20,1,b92051dbe41161ee5153e910d473b7e3,moderate,1,Male,38,No,1,1,I don't know.,1,1,I don't know.,1,1,I don't know.,1,1,I don't know.,1,1,I don't know.,1,1,I don't know.,1,1,I don't know.,1,1,I don't know.,1,1,I don't know.,1,1,I don't know.,"No, they were not helpful",1,38.589904785156,-90.346900939941,-1,
R_31sAMQsrUqp6mxY,Default Response Set,Anonymous,,,184.53.48.28,0,2015-08-03 15:09:50,2015-08-03 15:15:03,1,41988c5d9086117872ff7fc999dbf306,moderate,1,Female,25,No,1,1,I don;t know,1,1,Mouse,1,1,Bilby,1,1,Wolverine,1,1,Axolotl,1,1,Axolotl,1,1,Vole,1,1,Bear,1,1,I don't know,1,1,I dont know,"No, they were not helpful",1,38,-97,-1,
R_3fxC6DFQzoHWvNn,Default Response Set,Anonymous,,,172.91.204.30,0,2015-08-03 15:26:35,2015-08-03 15:32:22,1,0887c4e7f9f56507dc6c82fdc6712c99,moderate,1,Female,48,Yes,1,1,I don't know,1,1,I don't know,1,1,Ant eater,1,1,I don't know ,1,1,I don't know,1,1,I don't know ,1,1,I don't know,1,1,I don't know,1,1,I don't know,1,1,I don't know,"No, they were not helpful",1,34.417999267578,-118.56620025635,-1,
R_2ton53Wa7C2wRX5,Default Response Set,Anonymous,,,54.148.44.119,0,2015-08-03 15:45:05,2015-08-03 15:47:43,1,549e736f31e6ae092fc627598aad790c,moderate,1,Female,28,Yes,1,1,I don't know.,1,1,I don't know.,1,1,I don't know.,1,1,I don't know.,1,1,I don't know.,1,1,Axlotl,1,1,I don't know.,1,1,Bear,1,1,I don't know.,1,1,I don't know.,"No, they were not helpful",1,45.839904785156,-119.70059967041,-1,
R_29m5LnGFidRLpG7,Default Response Set,Anonymous,,,98.202.71.74,0,2015-08-03 17:35:57,2015-08-03 17:38:24,1,8a948a82570b39a1c6316517cac0c3c8,moderate,1,Female,58,No,1,1,deer,1,1,mouse,1,1,aardvark,1,1,wombat,1,1,lizard,1,1,skink,1,1,badger,1,1,don't know,1,1,i don't know,1,1,fish,"No, they were not helpful",1,40.714996337891,-111.89340209961,-1,
R_b2PX3D0jSDe0MLv,Default Response Set,Anonymous,,,99.20.228.199,0,2015-08-03 18:36:39,2015-08-03 18:42:03,1,9ecbb57bc808cde4831ff49228adc5a4,moderate,1,Male,61,Yes,1,1,I don't know,1,1,I don't know,1,1,I don't know,1,1,I don't know,1,1,Tadpole,1,1,I don't know,1,1,Badger,1,1,Sloth,1,1,I don't know,1,1,I don't know,"No, they were not helpful",1,42.673492431641,-82.916496276855,-1,
R_10U9CyvK3yO6G8y,Default Response Set,Anonymous,,,70.198.67.234,0,2015-08-03 19:24:05,2015-08-03 19:27:50,1,7108eaa36861ba27fb069e861e3bdc3f,moderate,1,Female,29,Yes,1,1,I don't know,1,1,I don't know,1,1,ardvark,1,1,I don't know,1,1,I don't know,1,1,I don't know,1,1,I don't know,1,1,I don't know,1,1,I don't know,1,1,I don't know,"No, they were not helpful",1,39.427795410156,-86.428298950195,-1,
R_3lQV4HIAZkcwjOx,Default Response Set,Anonymous,,,75.28.100.54,0,2015-08-04 08:35:23,2015-08-04 08:42:37,1,1cd428613630c8217299deea6297fb45,moderate,1,Female,37,Yes,1,1,Llama,1,1,I don't know,1,1,I don't know,1,1,I don't know,1,1,I dontknow,1,1,I dont know,1,1,I don't know,1,1,I don't know,1,1,I don't know,1,1,Sea Anemone,"No, they were not helpful",1,34.107299804688,-118.37190246582,-1,
R_2frL5dhH0y7j9pG,Default Response Set,Anonymous,,,69.225.128.23,0,2015-08-04 15:08:02,2015-08-04 15:15:03,1,784ac39bf67345a1a47ae8fd6a42bf43,moderate,1,Female,64,Yes,1,1,alpaca,1,1,mouse,1,1,possum,1,1,I don't know,1,1,i dont know,1,1,tadpole,1,1,badger,1,1,I dont know,1,1,eel,1,1,i dont know,"Yes, they were helpful",1,34.076400756836,-118.26260375977,-1,
R_d6ySUoLiE0loMJv,Default Response Set,Anonymous,,,98.204.102.197,0,2015-08-05 16:54:09,2015-08-05 17:00:37,1,ad2f59dc7ac29836cb04ee56743f6242,moderate,1,Male,28,Yes,1,1,Deer,1,1,Mouse,1,1,Rat,1,1,Badger,1,1,Fish,1,1,Lizard,1,1,Badger,1,1,Sloth,1,1,Eel,1,1,Salamander,"Yes, they were helpful",1,38.886505126953,-77.096900939941,-1,
R_Wd3PnXu8D9zx8qd,Default Response Set,Anonymous,,,67.5.208.234,0,2015-08-05 23:25:58,2015-08-05 23:29:19,1,9bb9d168e67011344b8dab08d856e642,moderate,1,Female,38,No,1,1,antelope,1,1,kangaroo mouse,1,1,bilby,1,1,wombat,1,1,axylotyl,1,1,axlotyl,1,1,haggis,1,1,i don't know,1,1,shark,1,1,sea anemone,"No, they were not helpful",1,45.529495239258,-122.64320373535,-1,
R_1NF9QVMhEMnU6EG,Default Response Set,Anonymous,,,71.59.191.94,0,2015-07-30 00:29:50,2015-07-30 00:33:32,0,fe14cb1d6ce83d10e311b2caff6fd1ff,moderate,1,Male,36,No,,,,,,,,,,,,,,,,,,,,,,,,,,,,,,,,,,,-1,
R_1oFNm3Mzkw3rUkG,Default Response Set,Anonymous,,,63.135.16.14,0,2015-08-07 20:21:28,2015-08-07 20:23:57,1,3411b11e98f2addb794125eaaf5ce1fa,moderate,1,Male,35,Yes,1,1,i don't know,1,1,i don't know,1,1,possum,1,1,i don't know,1,1,fish,1,1,tadpole,1,1,rodent,1,1,bear,1,1,fish,1,1,fish,"Yes, they were helpful",1,48.498504638672,-81.344802856445,-1,
R_2S7toEGpYx9srqj,Default Response Set,Anonymous,,,98.192.242.23,0,2015-08-09 05:24:25,2015-08-09 05:29:07,1,85d23023bc3e195b54d2bc718b4e72cb,moderate,1,Female,48,No,1,1,deer,1,1,meerkat,1,1,possum,1,1,weasel,1,1,fish,1,1,tadpole,1,1,mole,1,1,sloth,1,1,shark,1,1,starfish,"Yes, they were helpful",1,38.350997924805,-75.54460144043,-1,
R_12r6dmtEhfbD04k,Default Response Set,Anonymous,,,68.232.236.106,0,2015-08-09 07:49:42,2015-08-09 07:52:57,1,3f4a4c864f71e303ae9f44248ff0a892,moderate,1,Female,36,No,1,1,Alpaca,1,1,Mouse of some sort,1,1,I don't know,1,1,I don't know,1,1,fish,1,1,Tadpole,1,1,I don't know,1,1,I don't know,1,1,Eel,1,1,Fish,"Yes, they were helpful",1,44.130798339844,-94,-1,
R_3HZeF2Tw1nQXffg,Default Response Set,Anonymous,,,107.185.252.53,0,2015-08-02 22:55:01,2015-08-02 23:11:26,0,78b8b1974f6d497e8fd10fbde75751a3,moderate,1,Male,23,No,1,1,I don't know ,1,1,Kangaroo,1,1,Rat,1,1,I don't know,1,1,Fish,1,1,Lizard,1,1,I don't know ,1,1,Bear,1,1,Eel,1,1,I don't know,"Yes, they were helpful",,,,-1,
R_WCdH7Ex8FRwzamZ,Default Response Set,Anonymous,,,71.197.179.26,0,2015-08-03 09:56:20,2015-08-03 09:59:19,0,9520ab0e9e593c64bbc2d7d6e7109875,moderate,1,Male,21,No,1,1,I dont know,1,1,Mouse,1,1,Possum,1,1,I Don't know,1,1,I don't know,1,1,I don't know,1,1,I don't know,1,1,Bear,1,1,Eel,1,1,Fish,"No, they were not helpful",,,,-1,
R_2vYVkhzkEGs4h8X,Default Response Set,Anonymous,,,67.217.10.165,0,2015-08-03 16:04:00,2015-08-03 16:05:13,0,266ef02d497402534afeca49f40347e1,moderate,1,Female,27,No,,,,,,,,,,,,,,,,,,,,,,,,,1,1,I don't know,,,,,,,,-1,
R_3qg6e87Y0ld3LI0,Default Response Set,Anonymous,,,99.184.251.118,0,2015-08-02 22:05:49,2015-08-02 22:06:04,0,ec8d038d2f74217e082b0af4ecf4c08d,moderate,1,Female,40,Yes,,,,,,,,,,,,,,,,,,,,,,,,,,,,,,,,,,,-1,
R_3FOhWOeb9xnqftA,Default Response Set,Anonymous,,,174.251.176.151,0,2015-08-04 12:30:40,2015-08-04 12:38:23,0,c5c0363bf444f7ca3aee4a71ba6afefc,moderate,1,Male,30,Yes,1,1,I don't know,1,1,I don't know,1,1,Possum,1,1,I don't know,1,1,I don't know,1,1,Lizard,1,1,Yak,1,1,I don't know,1,1,Whale,1,1,Fish,"No, they were not helpful",,,,-1,
R_3R2U3BCSIljmMpx,Default Response Set,Anonymous,,,73.162.11.12,0,2015-08-03 06:52:04,2015-08-03 06:53:29,0,fe6ed9c606d2335dd7ac2b0100e7ac2e,moderate,1,Male,36,Yes,,,,,,,,,,1,1,Wolverine,,,,,,,,,,1,1,I don't know.,,,,1,1,Coral,,,,,-1,
R_3pamWWxnThQQ7TS,Default Response Set,Anonymous,,,97.93.96.168,0,2015-08-02 22:07:01,2015-08-02 22:11:04,0,5de1a0a687c17e4ac0ff425ab79cb038,moderate,1,Male,36,Yes,1,1,I don't know,1,1,Pokemon,1,1,I don't know,1,1,I don't know,1,1,I don't know,1,1,I don't know,1,1,I don't know,1,1,I don't know,1,1,I don't know,1,1,I don't know,"No, they were not helpful",,,,-1,
R_2WNM6UF5j1GXnmu,Default Response Set,Anonymous,,,209.33.27.254,0,2015-08-03 13:44:58,2015-08-03 13:50:15,0,98eb4b7f5fb7079393ee167900cdbd67,moderate,1,Female,18,No,1,1,I don't know,1,1,kangaroo rat,1,1,desert possum,1,1,I don't know,1,1,I don't know,1,1,newt,1,1,I don't know,1,1,I don't know,1,1,I don't know,1,1,sea urchin,"No, they were not helpful",,,,-1,
R_3m45GSKV2vK8oa9,Default Response Set,Anonymous,,,45.50.140.248,0,2015-08-02 22:35:34,2015-08-02 22:36:46,0,56a911571115495706169addae64decf,moderate,1,Male,44,Yes,,,,1,1,Rat,,,,1,1,I don't know,1,1,I don't know,,,,1,1,I don't know,,,,,,,,,,,,,,-1,
R_1E0VR6W2SeHFNua,Default Response Set,Anonymous,,,73.157.38.102,0,2015-08-03 07:00:59,2015-08-03 07:02:11,0,ef28e568230fe88f21b98822532c2ea0,moderate,1,Female,43,No,,,,,,,,,,,,,1,1,I don't know,,,,1,1,Badger,,,,,,,,,,,,,,-1,
R_2SoSbt0GsKlQrPx,Default Response Set,Anonymous,,,172.56.9.7,0,2015-08-02 23:21:22,2015-08-02 23:22:47,0,be407dd2625142154df6739ab54564d6,moderate,1,Male,33,Yes,,,,,,,,,,,,,,,,,,,1,1,No such animal,1,1,No such animal,,,,,,,,,,,-1,
R_1ltLrH3KveSpXe8,Default Response Set,Anonymous,,,50.189.237.96,0,2015-08-03 05:51:45,2015-08-03 05:52:21,0,6a9a33db242ce90b692a98c208fedcb4,moderate,1,Male,24,Yes,,,,,,,,,,,,,,,,,,,,,,1,1,dont know,,,,,,,,,,,-1,
R_1l3G6Z5KaWRwYOP,Default Response Set,Anonymous,,,104.156.240.151,0,2015-08-03 10:24:57,2015-08-03 10:29:33,0,118660e3bced66aaf6118695ca879bb9,moderate,1,Female,31,Yes,1,1,deer,,,,,,,,,,,,,1,1,tadpole,,,,,,,1,1,I don't know,1,1,I don't know,,,,,-1,
R_1N4VKXbSTqv0cJw,Default Response Set,Anonymous,,,172.56.30.218,0,2015-08-03 12:09:01,2015-08-03 12:09:31,0,efd9e6f283f3d6ab8389109f7df10777,moderate,1,Female,42,Yes,,,,,,,,,,,,,,,,,,,,,,,,,,,,,,,,,,,-1,
R_2PbuXb204ITOX1Z,Default Response Set,Anonymous,,,68.5.30.215,0,2015-08-03 05:25:59,2015-08-03 05:30:02,0,6abb877a7e448820e8236fe28d3434b1,moderate,1,Male,52,Yes,1,1,Deer,1,1,Mouse,1,1,Other,1,1,Wombat,1,1,Other,1,1,Other,1,1,other,1,1,Other,1,1,Eel,1,1,Other,"No, they were not helpful",,,,-1,
R_3Ep1DVht37DnyBo,Default Response Set,Anonymous,,,108.242.249.122,0,2015-08-03 08:39:29,2015-08-03 08:39:48,0,174bda01999d9df74bfb9755bb5fd783,moderate,1,Female,34,No,,,,,,,,,,,,,,,,,,,,,,,,,,,,,,,,,,,-1,
R_1jTePCO87uqniNb,Default Response Set,Anonymous,,,107.184.217.78,0,2015-08-03 07:29:06,2015-08-03 07:35:49,0,df6c6ddcab9d05a89f9d6dc4886dc131,moderate,1,Female,31,Yes,1,1,I don't know,1,1,Kangaroo mouse,1,1,I don't know,1,1,Wombat,1,1,Axolotl,1,1,Axolotl,1,1,I don't know,1,1,Bear,1,1,I don't know,1,1,I don't know,"No, they were not helpful",,,,-1,
R_3sjBxffsROWUoLR,Default Response Set,Anonymous,,,162.205.249.67,0,2015-08-03 17:38:15,2015-08-03 17:39:22,0,d6617cde34e379d801ff0f733d5619aa,moderate,1,Female,33,No,,,,,,,1,1,Possum,1,1,Wolverine,1,1,Manatee,,,,,,,1,1,I don't know,,,,,,,,,,,-1,
R_2EtuvqFjEFKKPNI,Default Response Set,Anonymous,,,99.161.162.53,0,2015-08-03 09:04:55,2015-08-03 09:11:14,0,d1539f76ed085012ad71f8809593ff5d,moderate,1,Female,40,No,1,1,I don't know,1,1,I don't know ,1,1,Desert rat,1,1,I don't know,1,1,Water gecko ,1,1,Water gecko ,1,1,I don't know ,1,1,Bear,1,1,I don't know,1,1,I don't know ,"No, they were not helpful",,,,-1,
R_22SqYblw7HClblP,Default Response Set,Anonymous,,,108.54.160.196,0,2015-08-03 05:30:47,2015-08-03 05:34:27,0,6ebf703382f7f3cc2ce93a540c513ea5,moderate,1,Male,25,Yes,1,1,Alpaca,1,1,I don't know,1,1,Possum,1,1,Badger,1,1,I don't know,1,1,Tadpole,1,1,I don't know,1,1,I don't know,1,1,I don't know,1,1,I don't know,"Yes, they were helpful",,,,-1,
R_2SwxTxR2bhxMcWW,Default Response Set,Anonymous,,,68.44.248.189,0,2015-08-03 06:24:15,2015-08-03 06:29:43,0,205407cad49d71a88fa0e6f60de23055,moderate,1,Female,55,No,1,1,deer,1,1,other ,1,1,possum,1,1,other ,1,1,other ,1,1,lizard ,1,1,other ,1,1,other ,1,1,eel,1,1,crab,"No, they were not helpful",,,,-1,
R_3KImjlcmH6M7WMA,Default Response Set,Anonymous,,,66.87.136.112,0,2015-08-03 04:09:20,2015-08-03 04:13:15,0,ca18aaef3271c834a11540de0903b9ed,moderate,1,Female,51,Yes,1,1,I dont know,1,1,I dont know,1,1,I dont know,1,1,I dont know,1,1,I dont know,1,1,I dont know,1,1,I dont know,1,1,Bear,1,1,Eel,1,1,I dont know,"No, they were not helpful",,,,-1,
R_2CTJ1Qv6K1RMgZ4,Default Response Set,Anonymous,,,166.170.26.163,0,2015-08-03 13:57:56,2015-08-03 14:05:55,0,24d4b6910f4e895b2b9b15bf3cfdd1bc,moderate,1,Male,33,Yes,1,1,Deer,1,1,Hare,1,1,Anteater,1,1,Hedgehog,1,1,Mud puppy,1,1,Tadpole,1,1,I don't know,1,1,Dog,1,1,Whale,1,1,Lobsyer,"No, they were not helpful",,,,-1,
R_AbndmwVAUqVlJst,Default Response Set,Anonymous,,,70.209.195.31,0,2015-08-03 08:21:50,2015-08-03 08:24:03,0,7fe128458a2fe26457727c0f483ab349,moderate,1,Female,31,Yes,,,,,,,,,,,,,,,,1,1,I dont know ,,,,1,1,I dont know,,,,1,1,Fish,,,,,-1,
R_vYLGokWU6Hnv9ex,Default Response Set,Anonymous,,,76.26.175.59,0,2015-08-03 05:59:05,2015-08-03 05:59:22,0,8fa72928d41cb92d2588bd24c0d5e37a,moderate,1,Female,44,Yes,,,,,,,,,,,,,,,,,,,,,,,,,,,,,,,,,,,-1,
R_3FW2jqjTwPicCQP,Default Response Set,Anonymous,,,106.172.235.70,0,2015-08-03 04:07:17,2015-08-03 04:10:22,0,6938f7837a75af3f5355f81353cbb641,moderate,1,Female,26,Yes,1,1,Deer,1,1,Bilby,1,1,Bilby,1,1,wombat,1,1,axolotl,1,1,axolotl,1,1,I don't know,1,1,Bear,1,1,Shark,1,1,I don't know,"No, they were not helpful",,,,-1,
R_rdvLMrXtPJ2xmxP,Default Response Set,Anonymous,,,121.211.226.91,0,2015-08-03 16:15:39,2015-08-03 16:17:25,0,aa332a827ba055c50ad2bf4513293a4d,moderate,1,Male,35,Yes,,,,,,,,,,,,,,,,,,,,,,,,,,,,,,,,,,,-1,
R_w4SaiQ2znh4YSAN,Default Response Set,Anonymous,,,70.209.206.43,0,2015-08-03 19:59:35,2015-08-03 20:02:58,0,a90e3c44ab4bc015d5101f18118d174a,moderate,1,Male,46,No,,,,1,1,I don't know,,,,1,1,I don't know,,,,1,1,Waterdog,1,1,I don't know,,,,,,,,,,,,,,-1,
R_2dfNyPqTRxgJSto,Default Response Set,Anonymous,,,69.248.118.50,0,2015-08-07 13:16:11,2015-08-07 13:20:41,0,c92193f472367adb45f11be29e48d385,moderate,1,Female,52,Yes,1,1,stripped deer,1,1,mouse,1,1,possum,1,1,groundhog,1,1,I don't know,1,1,tadpole,1,1,anteater,1,1,i don't know,1,1,eel,1,1,crab,"Yes, they were helpful",,,,-1,
R_27vQkqLtvoGKETH,Default Response Set,Anonymous,,,172.90.99.36,0,2015-08-03 19:09:23,2015-08-03 19:09:37,0,07b8454cd90540980a3113a64d71b59e,moderate,1,Male,36,Yes,,,,,,,,,,,,,,,,,,,,,,,,,,,,,,,,,,,-1,
R_xyJtEYEShkHEEqB,Default Response Set,Anonymous,,,108.87.180.12,8,2015-08-09 15:06:38,2015-08-09 15:07:16,0,1623e16e5e574c8bd617cc4d1dafcb82,moderate,1,Female,29,Yes,,,,,,,,,,,,,,,,,,,,,,,,,,,,,,,,,,,-1,
R_2cw18kIjfssMyXC,Default Response Set,Anonymous,,,71.226.81.47,0,2015-08-03 07:38:53,2015-08-03 07:45:57,0,4b761329104644b75c3e1d3b1e5941d0,moderate,1,Female,59,No,1,1,Deer,1,1,desert rat,1,1,Other not possum ears are too big,1,1,Wombat,1,1,Dugong,1,1,lizard,1,1,Badger,1,1,Elephant seal,1,1,Shark,1,1,Fish,"No, they were not helpful",,,,-1,
R_2w4tVTbqmVxqJXo,Default Response Set,Anonymous,,,108.4.51.168,0,2015-08-03 02:52:53,2015-08-03 02:57:40,0,45276898178f3ce928ea0910ee56d1b6,moderate,1,Female,46,Yes,1,1,Sigh,1,1,I don't know,1,1,Nope,1,1,No idea,1,1,Nope,1,1,Axolotl,1,1,I don't know,1,1,I don't know,1,1,I don't know,1,1,Nope. Nothin ,"No, they were not helpful",,,,-1,
R_2bKIOSTyQZFlew1,Default Response Set,Anonymous,,,159.118.186.142,0,2015-08-03 03:08:36,2015-08-03 03:09:31,0,2a5f389f20c051b5972ecefe93f49e3f,moderate,1,Male,58,Yes,1,1,I dont know,,,,,,,,,,,,,,,,,,,,,,,,,,,,,,,,-1,
R_1HLx9W4c2woSPO9,Default Response Set,Anonymous,,,68.191.46.223,0,2015-08-03 09:59:47,2015-08-03 10:01:00,0,d66a4b71f42038cb1a263fe69dee4485,moderate,1,Male,27,No,1,1,I don't know.,1,1,I don't know.,1,1,I don't know.,1,1,I don't know.,1,1,I don't know,1,1,I don't know.,1,1,I don't know.,1,1,I don't know.,1,1,I don't know.,1,1,I don't know.,"No, they were not helpful",,,,-1,
R_2fCMr0mOs4bKnLE,Default Response Set,Anonymous,,,71.170.47.194,0,2015-08-03 04:51:22,2015-08-03 04:53:12,0,50b4f8646f19c4ac365435d367f3fe80,moderate,1,Male,35,No,1,1,i don't know,,,,1,1,bandicoot,,,,1,1,mud puppy,,,,,,,,,,,,,1,1,i dont know,,,,,-1,
R_1P74xoxt4UDf9Mf,Default Response Set,Anonymous,,,71.243.217.125,0,2015-08-04 00:25:21,2015-08-04 00:30:03,0,59e89d4afe60fd05ecfde92e4a152848,moderate,1,Female,55,Yes,1,1,Kapubara,1,1,Kangaroo rat,1,1,I don't know,1,1,I don't know,1,1,Salamandar,1,1,Cuddlefish,1,1,I don't know,1,1,I don't know,1,1,Dinosaur,1,1,I don't know,"No, they were not helpful",,,,-1,
R_2SGBmPp0SHMfUn8,Default Response Set,Anonymous,,,76.103.74.142,0,2015-08-03 07:12:10,2015-08-03 07:13:16,0,f7585ab88b3460256d6b9b2420aea798,moderate,1,Female,37,Yes,,,,,,,1,1,I don't know,,,,,,,,,,,,,,,,,,,,,,,,,,-1,
R_wUiNAeqXd8pgqgF,Default Response Set,Anonymous,,,166.170.46.4,0,2015-08-02 23:07:28,2015-08-02 23:10:48,0,1d7052f6209f26b7ce89c54e93a7fa63,moderate,1,Female,44,Yes,1,1,I don't knoe,1,1,Kangaroo rat,1,1,Wombat,1,1,I don't know,1,1,I don't know,1,1,Salamander,1,1,I don't know,1,1,I don't know,1,1,Whale shark,1,1,I don't know,"No, they were not helpful",,,,-1,
R_3OeLYdxZ3LuxzrC,Default Response Set,Anonymous,,,71.239.102.16,0,2015-08-03 06:10:20,2015-08-03 06:12:03,0,92d538fa327b331e48206c1d9b0ef096,moderate,1,Male,29,Yes,1,1,I don't know,1,1,I don't know,1,1,i don't know,1,1,I don't know,1,1,I don't know,1,1,I don't know,1,1,I don't know,1,1,I don't know,1,1,I don't know,1,1,I don't know,"No, they were not helpful",,,,-1,
R_9yJQdGKqNIi7cPf,Default Response Set,Anonymous,,,104.32.5.187,0,2015-08-03 05:43:04,2015-08-03 05:50:53,0,b63a7856455aca2c7f721aaddaa165b1,moderate,1,Male,35,Yes,1,1,I don't know,1,1,Deer mouse,1,1,Wombat,1,1,I don't know,1,1,I don't know,1,1,Alligator,1,1,I don't know,1,1,I dont know,1,1,I don't know,1,1,I dont know,"No, they were not helpful",,,,-1,
R_1ImbdY2Tp6UMgXQ,Default Response Set,Anonymous,,,50.205.202.30,0,2015-08-03 05:36:08,2015-08-03 05:38:27,0,532fe042f794f88f4a720213e1f5eaed,moderate,1,Female,39,Yes,1,1,I don't know ,1,1,I don't know,1,1,I don't know,1,1,I don't know,1,1,I don't know ,1,1,I don't know,1,1,I don't know,1,1,I don't know ,1,1,I don't know ,1,1,I don't know,"No, they were not helpful",,,,-1,
R_32VH5IQOMtO57wU,Default Response Set,Anonymous,,,108.240.178.47,0,2015-08-03 05:19:17,2015-08-03 05:20:35,0,30de1b5c556d872f2ae3948d6ea14ebc,moderate,1,Female,40,Yes,,,,,,,,,,,,,,,,1,1,I don't know,,,,1,1,I don't know,,,,1,1,I don't know,,,,,-1,
R_sLLyDx1n5KUNTPj,Default Response Set,Anonymous,,,66.87.64.219,0,2015-08-03 20:56:55,2015-08-03 20:57:34,0,e97c891aed1432bf3cdc3dbdc0be5498,moderate,1,Female,41,No,,,,,,,,,,,,,,,,,,,,,,1,1,I don't know,,,,,,,,,,,-1,
R_Rt3BE2JSzNsxj2x,Default Response Set,Anonymous,,,45.50.134.112,0,2015-08-05 07:19:47,2015-08-05 07:24:35,0,8f92d7d54020c2f39b56dd85d310781e,moderate,1,Female,71,No,,,,,,,1,1,I don't know.,1,1,Badger?,1,1,I don't know.,1,1,I don't know.,,,,1,1,I don't know.,,,,1,1,I don't know.,,,,,-1,
R_dm8VKRJY792CExD,Default Response Set,Anonymous,,,68.7.84.34,0,2015-08-03 11:39:55,2015-08-03 11:44:22,0,520b579152b1bd4343f457b9a6cd818a,moderate,1,Female,40,No,1,1,deer,1,1,i don't know,1,1,i don't know,1,1,wombat,1,1,i don't know,1,1,i don't know,1,1,i don't know,1,1,i don't know,1,1,i don't know,1,1,i don't know,"No, they were not helpful",,,,-1,
R_0juaxRT2gv8ryc9,Default Response Set,Anonymous,,,67.180.219.25,0,2015-08-03 16:28:30,2015-08-03 16:32:27,0,9986ebeb7753d96bf4551f89e40528bf,moderate,1,Female,60,No,1,1,striped zuzu,1,1,kangaroo rat,1,1,I don't know,1,1,snaggle toothed wombat,1,1,frilled boge,1,1,Frilled gebofish,1,1,long haired pekinese mole,1,1,bear,1,1,penis fish,1,1,sea dragon,"No, they were not helpful",,,,-1,
R_2WDoHOmOUamP1Ra,Default Response Set,Anonymous,,,70.209.196.206,0,2015-08-03 16:40:40,2015-08-03 16:45:06,0,230099f43e2b0a552c6d474b2f8b1c0e,moderate,1,Female,31,Yes,1,1,I don't know,1,1,I don't know,1,1,I don't know,1,1,I don't know,1,1,I don't know,1,1,I don't know,1,1,I don't know,1,1,I don't know,1,1,i don't know,1,1,I don't know,"No, they were not helpful",,,,-1,
R_1nMyWlpmID8wg4o,Default Response Set,Anonymous,,,66.210.55.170,0,2015-08-03 13:56:26,2015-08-03 13:59:35,0,f33e263f1255d3880385d1aea012f1b5,moderate,1,Female,36,Yes,1,1,I don't know.,1,1,Rat,1,1,I don't know.,1,1,Wolverine,1,1,FIsh,1,1,Tadpole,1,1,I don't know.,1,1,I don't know.,1,1,Whale,1,1,Coral,"Yes, they were helpful",,,,-1,
R_1kTiOUIfYuhqauF,Default Response Set,Anonymous,,,71.177.147.28,0,2015-08-02 23:27:03,2015-08-02 23:33:29,0,aecf94b126730a77d0118e520069010d,moderate,1,Female,37,Yes,1,1,Alpaca ,1,1,Rousearoo,1,1,Possum ,1,1,Tasmanian devil,1,1,I don't know,1,1,Fish ,1,1,I don't know,1,1,I don't know,1,1,I don't know,1,1,I don't know,"Yes, they were helpful",,,,-1,
R_3GiTZCDIdLtavfQ,Default Response Set,Anonymous,,,67.169.45.7,0,2015-08-02 22:45:11,2015-08-02 22:48:46,0,877052d68011bbd045d5528b9c84008c,moderate,1,Male,26,Yes,1,1,Deer,1,1,Gerbil,1,1,I don't know.,1,1,Bat,1,1,Salamander,1,1,Salamander,1,1,Badger,1,1,I don't know.,1,1,Eel,1,1,I don't know.,"No, they were not helpful",,,,-1,
R_1QxO8SJGz8qlGpe,Default Response Set,Anonymous,,,66.87.114.99,0,2015-08-03 13:32:58,2015-08-03 13:34:50,0,75c77ec04a7bee4127173a7cfdf934d1,moderate,1,Female,25,Yes,,,,1,1,Mouse,,,,1,1,Porcupine,1,1,I don't know ,,,,,,,,,,,,,1,1,I don't know,,,,,-1,
R_2YVcpPenF5irCsV,Default Response Set,Anonymous,,,23.118.230.128,0,2015-08-03 08:38:04,2015-08-03 08:42:44,0,49f10bc8e749a149a59197fb1c89a9c9,moderate,1,Female,36,No,1,1,I don't know ,1,1,I don't know ,1,1,I don't know ,1,1,I don't know ,1,1,aoxtl,1,1,I don't know ,1,1,I don't know ,1,1,I don't know ,1,1,I don't know ,1,1,I don't know ,"No, they were not helpful",,,,-1,
R_2ck0yWeveSSmE2m,Default Response Set,Anonymous,,,162.210.161.69,0,2015-08-03 13:25:42,2015-08-03 13:33:36,0,0c270cc8b651bd04342ce13c4ba2924a,moderate,1,Male,73,Yes,1,1,Deer,1,1,Rat (kangaroo rat),1,1,Possum,1,1,Other (actually the head of a bat),1,1,Other,1,1,Tadpole,1,1,Badger is most likely,1,1,Sloth (probably photo shopped),1,1,Eel,1,1,Fish,"No, they were not helpful",,,,-1,
R_21b5VtqZw4G4PuK,Default Response Set,Anonymous,,,24.6.101.4,0,2015-08-04 18:13:47,2015-08-04 18:18:49,0,c451483b9894be0f56708408da420b31,moderate,1,Male,39,Yes,1,1,Alpaca,1,1,Rabbit,1,1,Rat,1,1,I don't know,1,1,Fish,1,1,Tadpole,1,1,Badger,1,1,Other,1,1,Eel,1,1,Other,"No, they were not helpful",,,,-1,
